"DESCRIPTION","DURATION IN MS","NAME","PARENT SUITE","START TIME","STATUS","STOP TIME","SUB SUITE","SUITE","TEST CLASS","TEST METHOD"
"","3290","@regression verify search results count - imac - iMac","chromium","2026-10-10","passed","2026-10-10","","searchpage.spec.ts","",""
"","3334","@regression verify search results count - macbook - MacBook Pro","chromium","2026-10-10","passed","2026-10-10","","searchpage.spec.ts","",""
"","388","@regression POST API -- create a user","chromium","2026-10-10","passed","2026-10-10","running e2e go rest crud apis tests","api/user.api.spec.ts","",""
"","2841","@regression home page headers exist test","chromium","2026-10-10","passed","2026-10-10","","homepagefix.spec.ts","",""
"","960","@regression PUT API -- update a user","chromium","2026-10-10","passed","2026-10-10","running e2e go rest crud apis tests","api/user.api.spec.ts","",""
"","1388","@regression Create a user test","chromium","2026-10-10","passed","2026-10-10","","api/user.api.individual.spec.ts","",""
"Verify user can login with valid credentials","3148","@regression user is able to login to app with valid credentials","chromium","2026-10-10","passed","2026-10-10","","Login Tests","",""
"","2113","@regression forgot pwd link exist test","chromium","2026-10-10","failed","2026-10-10","","loginpagefix.spec.ts","",""
"","935","@smoke @regression GET API - get all users","chromium","2026-10-10","passed","2026-10-10","running e2e go rest crud apis tests","api/user.api.spec.ts","",""
"","2739","@regression login to app with invalid credentials with CSV data - pwapril@pw.com -","chromium","2026-10-10","passed","2026-10-10","","loginpagefix.spec.ts","",""
"","4545","@regression verify product information/data","chromium","2026-10-10","passed","2026-10-10","","productpage.spec.ts","",""
"","394","@regression DELETE API -- delete a user","chromium","2026-10-10","passed","2026-10-10","running e2e go rest crud apis tests","api/user.api.spec.ts","",""
"","2063","@regression Delete a user test","chromium","2026-10-10","passed","2026-10-10","","api/user.api.individual.spec.ts","",""
"","128","@regression get albums data test","chromium","2026-10-10","failed","2026-10-10","","api/spotify.oauth2.spec.ts","",""
"","3308","@regression verify search results count - samsung - Samsung Galaxy Tab 10.1","chromium","2026-10-10","passed","2026-10-10","","searchpage.spec.ts","",""
"","596","@regression booking CRUD with token","chromium","2026-10-10","passed","2026-10-10","","api/booking.api.spec.ts","",""
"","2930","@regression login to app with invalid credentials with CSV data - - pw1234","chromium","2026-10-10","passed","2026-10-10","","loginpagefix.spec.ts","",""
"","2743","@regression login to app with invalid credentials with CSV data - invalid@open.com - wrong123","chromium","2026-10-10","passed","2026-10-10","","loginpagefix.spec.ts","",""
"","2052","@regression Update a user test","chromium","2026-10-10","passed","2026-10-10","","api/user.api.individual.spec.ts","",""
"","4153","@regression verify search results count - canon - Canon EOS 5D","chromium","2026-10-10","passed","2026-10-10","","searchpage.spec.ts","",""
"","3262","@regression verify search results count - macbook - MacBook Air","chromium","2026-10-10","passed","2026-10-10","","searchpage.spec.ts","",""
"","4569","@regression verify product images count","chromium","2026-10-10","passed","2026-10-10","","productpage.spec.ts","",""
